Article,Title
"Роль ИИ в современной медицине и его воздействие на диагностику и лечение.","Искусственный интеллект в медицине"
"Как технология блокчейн изменяет финансовую индустрию и открывает новые перспективы.","Блокчейн и будущее финансов"
"Влияние IoT на повседневную жизнь и умные дома.","Интернет вещей и умный дом"
"Тенденции развития мобильных приложений и их роль в цифровой трансформации.","Будущее мобильных приложений"
"Актуальные угрозы и методы защиты в цифровой эпохе.","Кибербезопасность в эпоху киберугроз"
"Влияние МО и ИИ на процессы автоматизации в бизнесе.","Машинное обучение и автоматизация"
"Роль роботов в современном производстве и их воздействие на рабочую силу.","Робототехника и будущее производства"
"Облачные вычисления и хранилища данных как ключевые компоненты для бизнеса.","Инновации в области облачных технологий"
"Анализ больших данных и его влияние на принятие решений и стратегии бизнеса.","Биг Дата и аналитика"
"Технологии связи следующего поколения и их влияние на интернет и мобильную связь.","Интернет будущего: 5G и связь"
"Квантовые вычисления и новые возможности в области вычислений и шифрования.","Квантовые вычисления и их перспективы"
"Технологии VR и AR и их применение в разных сферах.","Интерфейсы будущего: виртуальная реальность и дополненная реальность"
"Советы и методики для эффективного управления проектами в информационных технологиях.","Эффективное управление проектами в IT"
"Технологии киберфизических систем и их роль в автоматизации процессов.","Инновации в области киберфизических систем"
"Влияние ИИ на образование и персонализацию обучения.","Искусственный интеллект и образование"
"Роль роботов и автоматизации в изменении рабочих процессов.","Роботы и автоматизация рабочих мест"
"Как цифровая трансформация влияет на стратегическое управление бизнесом.","Цифровая трансформация и бизнес-стратегия"
"Анализ текущего состояния технологических инноваций и их перспективы.","Гиперсостояние в мире технологий"
